/* -------------------------------------------Customer Table--------------------------------------------------*/
INSERT  INTO `db_final`.`customer` (`customer_id`, `customer_name`, `customer_phone`, `customer_email`) 
VALUES ('8ee7b542-c493-404e-bdd4-19f2a4267708',  'Ankit Acciaio', '2615102674',  'Ankit@gmail.com');

INSERT  INTO `db_final`.`customer` (`customer_id`, `customer_name`, `customer_phone`, `customer_email`) 
VALUES ('7f11187d-6488-4a87-9f36-72e3ec483552',  'Ethan Brioschi', '8472951564',  'Ethan@gmail.com');

INSERT  INTO `db_final`.`customer` (`customer_id`, `customer_name`, `customer_phone`, `customer_email`) 
VALUES ('49ba69e4-77ee-4d39-9c7e-ae17d6963cad',  'Miran Yates', '2025550149',  'Miran@gmail.com');




INSERT  INTO `db_final`.`customer` (`customer_id`, `customer_name`, `customer_phone`, `customer_email`) 
VALUES ('b6710612-a5e6-4a38-8505-dfd32547af25',  'Mary Smith', '2044450149',  'Mary@gmail.com');

INSERT  INTO `db_final`.`customer` (`customer_id`, `customer_name`, `customer_phone`, `customer_email`) 
VALUES ('bf02618a-87e4-414b-99fa-6bafca5be063',  'Leo Johnson', '2025999949',  'Leo@gmail.com');

INSERT  INTO `db_final`.`customer` (`customer_id`, `customer_name`, `customer_phone`, `customer_email`) 
VALUES ('0aaf4fa3-6de9-4def-a00a-86f427e99394',  'Athur Williams', '2335550149',  'Williams.com');

INSERT  INTO `db_final`.`customer` (`customer_id`, `customer_name`, `customer_phone`, `customer_email`) 
VALUES ('083a802a-46c2-4f45-907c-8d695c4e2b9d',  'Amy Jones', '2025400149',  'Jones@gmail.com');

INSERT  INTO `db_final`.`customer` (`customer_id`, `customer_name`, `customer_phone`, `customer_email`) 
VALUES ('a44afc59-e006-4a1b-a8a9-ed447a8e81dc',  'Peter Miller', '2025500049',  'Miller@gmail.com');

INSERT  INTO `db_final`.`customer` (`customer_id`, `customer_name`, `customer_phone`, `customer_email`) 
VALUES ('6b71c22a-2f81-4161-be2f-30d003eaca87',  'Jane Stock', '2025370149',  'Stock@gmail.com');

INSERT  INTO `db_final`.`customer` (`customer_id`, `customer_name`, `customer_phone`, `customer_email`) 
VALUES ('fc2fb10a-f65f-45f8-bbdb-a2c1fb33abd2',  'Sansa Stock', '2024466149',  'sansa@gmail.com');

/* -------------------------------------------Author Table--------------------------------------------------*/
INSERT INTO `db_final`.`author` (`author_id`, `author_name`, `date_of_birth`) 
VALUES ('2a977f4b-abb6-4cf3-a578-67f8e840ae60', 'Sakshi Zunino', '1967-12-12');

INSERT INTO `db_final`.`author` (`author_id`, `author_name`, `date_of_birth`) 
VALUES ('0118be2d-e9ef-4e87-9a74-b3b894cb9cfa', 'Kip Both', '1968-12-12');




INSERT INTO `db_final`.`author` (`author_id`, `author_name`, `date_of_birth`) 
VALUES ('d0177f5a-2d05-48ba-8b87-a87b8f2ac76a', 'William Shakespeare', '1968-02-12');

INSERT INTO `db_final`.`author` (`author_id`, `author_name`, `date_of_birth`) 
VALUES ('72a28edd-c801-4792-9173-30fcb06baa22', 'Emily Dickinson', '1988-12-12');

INSERT INTO `db_final`.`author` (`author_id`, `author_name`, `date_of_birth`) 
VALUES ('e6246cab-eee2-4859-87e8-e4f4351270cb', ' H. P. Lovecraft', '1868-12-12');

INSERT INTO `db_final`.`author` (`author_id`, `author_name`, `date_of_birth`) 
VALUES ('3328590e-c109-485e-abc7-6c95084c6d1b', 'Arthur Conan Doyle', '1999-04-12');

INSERT INTO `db_final`.`author` (`author_id`, `author_name`, `date_of_birth`) 
VALUES ('2a360a6c-d422-4056-937c-d8f631c49c2f', 'Anton Chekhov', '1945-12-12');

INSERT INTO `db_final`.`author` (`author_id`, `author_name`, `date_of_birth`) 
VALUES ('b18362e8-1985-4b75-bf1b-d88211c833bc', 'Robert Frost', '1968-12-11');

INSERT INTO `db_final`.`author` (`author_id`, `author_name`, `date_of_birth`) 
VALUES ('ba4f116a-d0bd-493e-9e09-2c41eef2be02', 'O. Henry', '1768-01-12');

INSERT INTO `db_final`.`author` (`author_id`, `author_name`, `date_of_birth`) 
VALUES ('91adad53-a678-453f-82c3-839f63ecc5f8', 'Robert Louis Stevenson', '1958-12-12');


/* -------------------------------------------Category Table--------------------------------------------------*/
INSERT INTO `db_final`.`category` (`category_id`, `category_name`) 
VALUES ('ff507b57-f414-4a45-a336-4bec067b66c9', 'Business');

INSERT INTO `db_final`.`category` (`category_id`, `category_name`) 
VALUES ('8522ad28-9718-47e1-8387-9597e2411e7b', 'Kids');

INSERT INTO `db_final`.`category` (`category_id`, `category_name`) 
VALUES ('850cbdbd-efa9-4259-8072-a8f1a0d67a40', 'History');

INSERT INTO `db_final`.`category` (`category_id`, `category_name`) 
VALUES ('2616c440-509d-43c3-ad03-78571c41a695', 'Cooking');


INSERT INTO `db_final`.`category` (`category_id`, `category_name`) 
VALUES ('fc526710-8ecf-42b5-b0d4-82f322c450a5', 'Fiction');

INSERT INTO `db_final`.`category` (`category_id`, `category_name`) 
VALUES ('5b555caa-5c71-467f-8a72-7b1ce0bef43e', 'Language');

INSERT INTO `db_final`.`category` (`category_id`, `category_name`) 
VALUES ('34c4aeb0-ca42-40eb-abec-8439fc969eae', 'Dictionary');

INSERT INTO `db_final`.`category` (`category_id`, `category_name`) 
VALUES ('7447e5e0-f140-43dc-8c33-a3ea7fbe6a34', 'Economy');

INSERT INTO `db_final`.`category` (`category_id`, `category_name`) 
VALUES ('01b9e138-778f-4571-892f-d0ce7aa33455', 'Law');

/* -------------------------------------------Publisher Table--------------------------------------------------*/
INSERT INTO `db_final`.`publisher` (`publisher_id`, `publisher_name`, `country`, `city`) 
VALUES ('b38fa766-0ded-4fc9-a038-1cbbf55c1f62', 'American Press Inc', 'US', 'Boston');

INSERT INTO `db_final`.`publisher` (`publisher_id`, `publisher_name`, `country`, `city`) 
VALUES ('ff2e7858-8360-430f-a26a-16538fd5af6d', 'Harvard Common Press', 'US', 'New York');

INSERT INTO `db_final`.`publisher` (`publisher_id`, `publisher_name`, `country`, `city`) 
VALUES ('dd4e9d89-cf5a-4564-8b0f-2a0489c5fa5e', 'National Braille Press', 'US', 'Boston');



INSERT INTO `db_final`.`publisher` (`publisher_id`, `publisher_name`, `country`, `city`) 
VALUES ('6e1b1359-c905-4ec9-9ecf-b9ba1cbd8748', 'National Braille Press', 'US', 'Des Moines');

INSERT INTO `db_final`.`publisher` (`publisher_id`, `publisher_name`, `country`, `city`) 
VALUES ('269af889-8089-4716-935d-1e83163c47e7', 'National Braille Press', 'US', 'Alexandria');

INSERT INTO `db_final`.`publisher` (`publisher_id`, `publisher_name`, `country`, `city`) 
VALUES ('bda4e21c-9309-47bc-a8a6-c7b0933a1fe8', 'National Braille Press', 'US', 'Fort Worth');

INSERT INTO `db_final`.`publisher` (`publisher_id`, `publisher_name`, `country`, `city`) 
VALUES ('bcd3d7fa-de94-4004-8e00-1d1c9a2d5bf6', 'Random House', 'US', 'Dayton');

INSERT INTO `db_final`.`publisher` (`publisher_id`, `publisher_name`, `country`, `city`) 
VALUES ('cdaf9154-702a-464c-8175-900bf70a047a', 'HarperCollins*', 'US', 'Fayetteville');

INSERT INTO `db_final`.`publisher` (`publisher_id`, `publisher_name`, `country`, `city`) 
VALUES ('1f4f4a1f-b995-4f02-8c9f-32739fd6e1fb', 'Simon & Schuster', 'US', 'Roanoke');

INSERT INTO `db_final`.`publisher` (`publisher_id`, `publisher_name`, `country`, `city`) 
VALUES ('24673edc-0bc5-4053-9e20-2cde57b714f8', 'National Braille Press', 'US', 'San Antonio');
/* -------------------------------------------Location Table--------------------------------------------------*/
INSERT INTO `db_final`.`location` (`location_id`, `shelf_no`, `row`, `column`) 
VALUES ('e487f555-dfdf-4c7f-b4e8-a59fb6524fc5', '1', '1', '1');

INSERT INTO `db_final`.`location` (`location_id`, `shelf_no`, `row`, `column`) 
VALUES ('14221076-619e-4bc9-b2f7-3eb060541bf4', '2', '4', '3');

INSERT INTO `db_final`.`location` (`location_id`, `shelf_no`, `row`, `column`) 
VALUES ('ffb81aee-7d4c-49ec-a6c5-74791e685043 ', '2', '1', '1');



INSERT INTO `db_final`.`location` (`location_id`, `shelf_no`, `row`, `column`) 
VALUES ('f8e2ffe2-6611-4676-af68-08a9970f2c88', '3', '3', '3');

INSERT INTO `db_final`.`location` (`location_id`, `shelf_no`, `row`, `column`) 
VALUES ('477c5a89-31c9-4d37-832e-22ca0f60247c', '4', '4', '4');

INSERT INTO `db_final`.`location` (`location_id`, `shelf_no`, `row`, `column`) 
VALUES ('f9d915ed-31bf-452c-9c7d-088721cc8827', '5', '5', '5');

INSERT INTO `db_final`.`location` (`location_id`, `shelf_no`, `row`, `column`) 
VALUES ('88bebaf6-9b16-413a-a2ee-5122a0000a88', '6', '6', '6');

INSERT INTO `db_final`.`location` (`location_id`, `shelf_no`, `row`, `column`) 
VALUES ('7cb292b6-c6df-4277-a178-4faa7e09d4b5', '7', '7', '7');

INSERT INTO `db_final`.`location` (`location_id`, `shelf_no`, `row`, `column`) 
VALUES ('0035b5b8-897a-4340-95cb-57cbe1c9cdc4', '4', '5', '6');

INSERT INTO `db_final`.`location` (`location_id`, `shelf_no`, `row`, `column`) 
VALUES ('4ba77ef7-6be0-42a9-a9a7-8f27e90baf1e', '5', '3', '2');

/* -------------------------------------------Employee Table--------------------------------------------------*/
INSERT INTO `db_final`.`employee` (`employee_id`, `employee_username`, `employee_password`, `employee_name`, `employee_phone`, `salary`) 
VALUES ('295375e3-4923-42b0-b09d-b8d3aa146ff6', 'roman', AES_ENCRYPT('roman', UNHEX(SHA2('sweet',512))), 'Roman Kunz', '3542051168', '5000');

INSERT INTO `db_final`.`employee` (`employee_id`, `employee_username`, `employee_password`, `employee_name`, `employee_phone`, `salary`) 
VALUES ('76f6b20e-9c24-4468-9c92-32c49dd84373', 'nevan', AES_ENCRYPT('nevan', UNHEX(SHA2('sweet',512))), 'Nevan Ríos', '5174750581', '6000');

INSERT INTO `db_final`.`employee` (`employee_id`, `employee_username`, `employee_password`, `employee_name`, `employee_phone`, `salary`) 
VALUES ('23867168-4808-4a69-a944-a7024d671794', 'antonia', AES_ENCRYPT('antonia', UNHEX(SHA2('sweet',512))), 'Antonia Faure', '6783462957', '3000');

INSERT INTO `db_final`.`employee` (`employee_id`, `employee_username`, `employee_password`, `employee_name`, `employee_phone`, `salary`) 
VALUES ('f577eb4d-4dba-4d8a-acf1-502d8fc25e99', 'marijn', AES_ENCRYPT('marijn', UNHEX(SHA2('sweet',512))), 'Marijn Martel', '1286934728', '4000');




INSERT INTO `db_final`.`employee` (`employee_id`, `employee_username`, `employee_password`, `employee_name`, `employee_phone`, `salary`) 
VALUES ('debab6dd-b621-43e1-8df5-bc8d1c93b5f5', 'Eufemia', AES_ENCRYPT('Eufemia', UNHEX(SHA2('sweet',512))), 'Parthenia Solvig', '678323957', '5000');

INSERT INTO `db_final`.`employee` (`employee_id`, `employee_username`, `employee_password`, `employee_name`, `employee_phone`, `salary`) 
VALUES ('fd12112f-deb7-4218-9b0a-48164cb00a9a', 'Evandrus', AES_ENCRYPT('Evandrus', UNHEX(SHA2('sweet',512))), 'Catharina Apollon', '67856757', '3000');

INSERT INTO `db_final`.`employee` (`employee_id`, `employee_username`, `employee_password`, `employee_name`, `employee_phone`, `salary`) 
VALUES ('822acb23-8c69-4a02-83f6-f72e00db7f02', 'Badri', AES_ENCRYPT('Badri', UNHEX(SHA2('sweet',512))), 'Brynlee Adriana', '67445357', '4000');

INSERT INTO `db_final`.`employee` (`employee_id`, `employee_username`, `employee_password`, `employee_name`, `employee_phone`, `salary`) 
VALUES ('bb60d595-5407-49fe-9e7f-8915f8cfaa9f', 'Dragutin', AES_ENCRYPT('Dragutin', UNHEX(SHA2('sweet',512))), 'Rosalin Jaci', '63362957', '2000');

INSERT INTO `db_final`.`employee` (`employee_id`, `employee_username`, `employee_password`, `employee_name`, `employee_phone`, `salary`) 
VALUES ('30f83b22-9448-424a-8875-26a0752d8533', 'Kerberos', AES_ENCRYPT('Kerberos', UNHEX(SHA2('sweet',512))), 'Jeremiah Jewell', '32432957', '7000');

INSERT INTO `db_final`.`employee` (`employee_id`, `employee_username`, `employee_password`, `employee_name`, `employee_phone`, `salary`) 
VALUES ('90cc95d1-b1df-4ce7-8fb3-48d50a8f4385', 'Walter', AES_ENCRYPT('Walter', UNHEX(SHA2('sweet',512))), 'Clifford Izzy', '4562957', '3000');
/* -------------------------------------------Timesheet Table--------------------------------------------------*/
INSERT INTO `db_final`.`timesheet` (`timesheet_id`, `employee_id`, `year`, `month`) 
VALUES ('99a60782-b681-4e84-b8a8-2b0a98c8fa6f', '295375e3-4923-42b0-b09d-b8d3aa146ff6', '2019', '1');

INSERT INTO `db_final`.`timesheet` (`timesheet_id`, `employee_id`, `year`, `month`) 
VALUES ('7250bcb9-cf7a-4aac-bef7-cee76c731ac9', 'f577eb4d-4dba-4d8a-acf1-502d8fc25e99', '2019', '1');

INSERT INTO `db_final`.`timesheet` (`timesheet_id`, `employee_id`, `year`, `month`) 
VALUES ('38ed6367-7377-4b12-a1b0-7dd9893cb00d', '23867168-4808-4a69-a944-a7024d671794', '2019', '1');

INSERT INTO `db_final`.`timesheet` (`timesheet_id`, `employee_id`, `year`, `month`) 
VALUES ('2939347a-3225-46c0-9993-34c45658b000', '295375e3-4923-42b0-b09d-b8d3aa146ff6', '2019', '4');



INSERT INTO `db_final`.`timesheet` (`timesheet_id`, `employee_id`, `year`, `month`) 
VALUES ('2be5836e-8925-45ba-8d25-ff3d1bf17a66', 'debab6dd-b621-43e1-8df5-bc8d1c93b5f5', '2018', '12');

INSERT INTO `db_final`.`timesheet` (`timesheet_id`, `employee_id`, `year`, `month`) 
VALUES ('e51def3d-896d-4663-90e2-17abdde871ee', 'fd12112f-deb7-4218-9b0a-48164cb00a9a', '2018', '11');

INSERT INTO `db_final`.`timesheet` (`timesheet_id`, `employee_id`, `year`, `month`) 
VALUES ('60433f8f-bce1-4b6e-8b66-ce454b87b073', '822acb23-8c69-4a02-83f6-f72e00db7f02', '2016', '10');

INSERT INTO `db_final`.`timesheet` (`timesheet_id`, `employee_id`, `year`, `month`) 
VALUES ('dc3fe3b3-4f1c-40db-8857-8a083f523b12', 'bb60d595-5407-49fe-9e7f-8915f8cfaa9f', '2015', '9');

INSERT INTO `db_final`.`timesheet` (`timesheet_id`, `employee_id`, `year`, `month`) 
VALUES ('662b2f54-d8fc-4f86-8e49-945200dff3da', '30f83b22-9448-424a-8875-26a0752d8533', '2015', '8');

INSERT INTO `db_final`.`timesheet` (`timesheet_id`, `employee_id`, `year`, `month`) 
VALUES ('adcaebfe-402b-431a-8019-2bfb96aecf8e', '90cc95d1-b1df-4ce7-8fb3-48d50a8f4385', '2018', '7');
/* -------------------------------------------Period Table--------------------------------------------------*/
INSERT INTO `db_final`.`period` (`period_id`, `timesheet_id`, `start_time`, `end_time`) 
VALUES ('13048022-2035-4c84-9cb7-ada1167728f2', '38ed6367-7377-4b12-a1b0-7dd9893cb00d', '2019-01-26', '2019-01-27');

INSERT INTO `db_final`.`period` (`period_id`, `timesheet_id`, `start_time`, `end_time`) 
VALUES ('5ecc265c-4786-4294-b9f4-8afd42490e95', '38ed6367-7377-4b12-a1b0-7dd9893cb00d', '2019-01-14', '2019-01-18');

INSERT INTO `db_final`.`period` (`period_id`, `timesheet_id`, `start_time`, `end_time`) 
VALUES ('816f8b58-b4ae-4df0-9db1-10a653a7fb25', '38ed6367-7377-4b12-a1b0-7dd9893cb00d', '2019-01-10', '2019-01-12');

INSERT INTO `db_final`.`period` (`period_id`, `timesheet_id`, `start_time`, `end_time`) 
VALUES ('ef4ad436-6d63-417e-96e1-de6d67311220', '38ed6367-7377-4b12-a1b0-7dd9893cb00d', '2019-01-21', '2019-01-24');

INSERT INTO `db_final`.`period` (`period_id`, `timesheet_id`, `start_time`, `end_time`) 
VALUES ('77f7832e-4651-4955-adce-4525ae612017', '2be5836e-8925-45ba-8d25-ff3d1bf17a66', '2019-02-10', '2019-02-12');

INSERT INTO `db_final`.`period` (`period_id`, `timesheet_id`, `start_time`, `end_time`) 
VALUES ('7e6cef89-9fef-491e-be9a-3d409a6ea6ad', 'e51def3d-896d-4663-90e2-17abdde871ee', '2019-02-14', '2019-02-17');

INSERT INTO `db_final`.`period` (`period_id`, `timesheet_id`, `start_time`, `end_time`) 
VALUES ('e245326f-7953-4217-b179-8f74dd52ef50', '60433f8f-bce1-4b6e-8b66-ce454b87b073', '2019-02-20', '2019-02-22');

INSERT INTO `db_final`.`period` (`period_id`, `timesheet_id`, `start_time`, `end_time`) 
VALUES ('721a7ff1-e4db-4884-bd71-39c73187d44a', 'dc3fe3b3-4f1c-40db-8857-8a083f523b12', '2019-02-23', '2019-02-25');

INSERT INTO `db_final`.`period` (`period_id`, `timesheet_id`, `start_time`, `end_time`) 
VALUES ('a799a044-5196-4b3a-b711-e1c936db0382', '662b2f54-d8fc-4f86-8e49-945200dff3da', '2019-02-27', '2019-02-28');

INSERT INTO `db_final`.`period` (`period_id`, `timesheet_id`, `start_time`, `end_time`) 
VALUES ('e9d4f478-a0c0-46b8-a359-6379ebc375fa', 'adcaebfe-402b-431a-8019-2bfb96aecf8e', '2019-03-05', '2019-03-10');
/* -------------------------------------------Book Table--------------------------------------------------*/
INSERT INTO `db_final`.`book` (`book_id`, `price`, `location_id`, `stock`, `book_name`, 
`publisher_id`, `author_id`, `publisher_date`, `description`, `category_id`) 
VALUES ('cf4e3491-cfcc-4dd0-bef1-1e7ff602e5c7', '8', '14221076-619e-4bc9-b2f7-3eb060541bf4', '100', 
'121 Good-Eating Tips', 'dd4e9d89-cf5a-4564-8b0f-2a0489c5fa5e', '0118be2d-e9ef-4e87-9a74-b3b894cb9cfa', 
'2010-10-23', 'This is your guide to eating healthfully the quick-and-easy way!',
'2616c440-509d-43c3-ad03-78571c41a695');

INSERT INTO `db_final`.`book` (`book_id`, `price`, `location_id`, `stock`, `book_name`, 
`publisher_id`, `author_id`, `publisher_date`, `description`, `category_id`) 
VALUES ('63534709-a711-44a9-8baa-6574a2e4304e', '10', 'e487f555-dfdf-4c7f-b4e8-a59fb6524fc5', '100', 
'12 Amazing Tricks', 'dd4e9d89-cf5a-4564-8b0f-2a0489c5fa5e', '2a977f4b-abb6-4cf3-a578-67f8e840ae60', 
'2016-11-10', 'Kids will love amazing their friends with these twelve magic tricks that use items found around the house.',
'8522ad28-9718-47e1-8387-9597e2411e7b');

INSERT INTO `db_final`.`book` (`book_id`, `price`, `location_id`, `stock`, `book_name`, 
`publisher_id`, `author_id`, `publisher_date`, `description`, `category_id`) 
VALUES ('94e3051a-796e-4449-b15d-a4a32bb71b40', '15', '14221076-619e-4bc9-b2f7-3eb060541bf4', '100', 
"The Bread Lover's Bread Machine Cookbook", 'ff2e7858-8360-430f-a26a-16538fd5af6d', '0118be2d-e9ef-4e87-9a74-b3b894cb9cfa', 
'2010-07-23', "A Master Baker's 300 Favorite Recipes for Perfect-Every-Time Bread-From Every Kind of Machine",
'2616c440-509d-43c3-ad03-78571c41a695');

INSERT INTO `db_final`.`book` (`book_id`, `price`, `location_id`, `stock`, `book_name`, 
`publisher_id`, `author_id`, `publisher_date`, `description`, `category_id`) 
VALUES ('24673edc-0bc5-4053-9e20-2cde57b714f8', '78', 'f8e2ffe2-6611-4676-af68-08a9970f2c88', '200', 
"To Kill a Mockingbird", '6e1b1359-c905-4ec9-9ecf-b9ba1cbd8748', 'd0177f5a-2d05-48ba-8b87-a87b8f2ac76a', 
'2010-05-23', "A Master Baker's 300 Favorite Recipes for Perfect-Every-Time Bread-From Every Kind of Machine",
'2616c440-509d-43c3-ad03-78571c41a695');

INSERT INTO `db_final`.`book` (`book_id`, `price`, `location_id`, `stock`, `book_name`, 
`publisher_id`, `author_id`, `publisher_date`, `description`, `category_id`) 
VALUES ('19e4e472-0afc-4c49-8d28-8de5c77a1b4a', '48', '477c5a89-31c9-4d37-832e-22ca0f60247c', '130', 
"Harry Potter", '269af889-8089-4716-935d-1e83163c47e7', '72a28edd-c801-4792-9173-30fcb06baa22', 
'2010-05-23', "A Master Baker's 300 Favorite Recipes for Perfect-Every-Time Bread-From Every Kind of Machine",
'fc526710-8ecf-42b5-b0d4-82f322c450a5');

INSERT INTO `db_final`.`book` (`book_id`, `price`, `location_id`, `stock`, `book_name`, 
`publisher_id`, `author_id`, `publisher_date`, `description`, `category_id`) 
VALUES ('2361b2f4-e810-4f91-bbac-81084400c31c', '34', 'f9d915ed-31bf-452c-9c7d-088721cc8827', '135', 
"1984", 'bda4e21c-9309-47bc-a8a6-c7b0933a1fe8', 'e6246cab-eee2-4859-87e8-e4f4351270cb', 
'2010-05-13', "A Master Baker's 300 Favorite Recipes for Perfect-Every-Time Bread-From Every Kind of Machine",
'5b555caa-5c71-467f-8a72-7b1ce0bef43e');


INSERT INTO `db_final`.`book` (`book_id`, `price`, `location_id`, `stock`, `book_name`, 
`publisher_id`, `author_id`, `publisher_date`, `description`, `category_id`) 
VALUES ('5a349f14-9784-43b8-a719-526e4345bf37', '34', '88bebaf6-9b16-413a-a2ee-5122a0000a88', '138', 
"The Catcher in the Rye", 'bcd3d7fa-de94-4004-8e00-1d1c9a2d5bf6', '3328590e-c109-485e-abc7-6c95084c6d1b', 
'2010-05-13', "A Master Baker's 300 Favorite Recipes for Perfect-Every-Time Bread-From Every Kind of Machine",
'34c4aeb0-ca42-40eb-abec-8439fc969eae');

INSERT INTO `db_final`.`book` (`book_id`, `price`, `location_id`, `stock`, `book_name`, 
`publisher_id`, `author_id`, `publisher_date`, `description`, `category_id`) 
VALUES ('b64426c2-476b-43ca-b26a-78d18cfc82fe', '35', '7cb292b6-c6df-4277-a178-4faa7e09d4b5', '158', 
"The Hobbit", 'cdaf9154-702a-464c-8175-900bf70a047a', '2a360a6c-d422-4056-937c-d8f631c49c2f', 
'2014-05-04', "A Master Baker's 300 Favorite Recipes for Perfect-Every-Time Bread-From Every Kind of Machine",
'fc526710-8ecf-42b5-b0d4-82f322c450a5');

INSERT INTO `db_final`.`book` (`book_id`, `price`, `location_id`, `stock`, `book_name`, 
`publisher_id`, `author_id`, `publisher_date`, `description`, `category_id`) 
VALUES ('a3e327db-ab9f-4ece-9867-8fede26ff4d4', '65', '0035b5b8-897a-4340-95cb-57cbe1c9cdc4', '158', 
"Fahrenheit 451", '1f4f4a1f-b995-4f02-8c9f-32739fd6e1fb', 'b18362e8-1985-4b75-bf1b-d88211c833bc', 
'2014-06-04', "A Master Baker's 300 Favorite Recipes for Perfect-Every-Time Bread-From Every Kind of Machine",
'5b555caa-5c71-467f-8a72-7b1ce0bef43e');

INSERT INTO `db_final`.`book` (`book_id`, `price`, `location_id`, `stock`, `book_name`, 
`publisher_id`, `author_id`, `publisher_date`, `description`, `category_id`) 
VALUES ('9a6e2cab-5cb5-4f54-860a-fa101cf7a0ea', '55', '4ba77ef7-6be0-42a9-a9a7-8f27e90baf1e', '152', 
"The Great Gatsby", '24673edc-0bc5-4053-9e20-2cde57b714f8', 'ba4f116a-d0bd-493e-9e09-2c41eef2be02', 
'2014-06-04', "A Master Baker's 300 Favorite Recipes for Perfect-Every-Time Bread-From Every Kind of Machine",
'34c4aeb0-ca42-40eb-abec-8439fc969eae');
/* -------------------------------------------Order Table--------------------------------------------------*/
INSERT INTO `db_final`.`order` (`order_id`, `customer_id`, `order_date`, `employee_id`)
VALUES ('e8d546df-d823-41bc-8ec2-1f232d879c35', '7f11187d-6488-4a87-9f36-72e3ec483552', 
'2019-01-21', '23867168-4808-4a69-a944-a7024d671794');

INSERT INTO `db_final`.`order` (`order_id`, `customer_id`, `order_date`, `employee_id`)
VALUES ('87fd8c6c-cf0d-42b4-81c8-161ab7876438', '7f11187d-6488-4a87-9f36-72e3ec483552', 
'2019-01-21', '295375e3-4923-42b0-b09d-b8d3aa146ff6');

INSERT INTO `db_final`.`order` (`order_id`, `customer_id`, `order_date`, `employee_id`)
VALUES ('cf3e880d-0486-44bb-be77-e6aa08c7432c', 'b6710612-a5e6-4a38-8505-dfd32547af25', 
'2017-01-21', 'debab6dd-b621-43e1-8df5-bc8d1c93b5f5');

INSERT INTO `db_final`.`order` (`order_id`, `customer_id`, `order_date`, `employee_id`)
VALUES ('a0f259db-3105-4030-8fa5-f87a826fd382', '0aaf4fa3-6de9-4def-a00a-86f427e99394', 
'2017-11-21', 'fd12112f-deb7-4218-9b0a-48164cb00a9a');

INSERT INTO `db_final`.`order` (`order_id`, `customer_id`, `order_date`, `employee_id`)
VALUES ('5071316b-0908-424d-a34a-af59e735d269', 'bf02618a-87e4-414b-99fa-6bafca5be063', 
'2017-11-21', '822acb23-8c69-4a02-83f6-f72e00db7f02');

INSERT INTO `db_final`.`order` (`order_id`, `customer_id`, `order_date`, `employee_id`)
VALUES ('e8b148fa-2999-46b5-b9c9-d248c5e22e9f', 'a44afc59-e006-4a1b-a8a9-ed447a8e81dc', 
'2013-11-21', 'bb60d595-5407-49fe-9e7f-8915f8cfaa9f');

INSERT INTO `db_final`.`order` (`order_id`, `customer_id`, `order_date`, `employee_id`)
VALUES ('c80a0087-04b3-4d42-a57a-fef834cc0d80', '083a802a-46c2-4f45-907c-8d695c4e2b9d', 
'2013-11-24', '30f83b22-9448-424a-8875-26a0752d8533');

INSERT INTO `db_final`.`order` (`order_id`, `customer_id`, `order_date`, `employee_id`)
VALUES ('29850cf0-131a-4546-9520-5c7c3dc7f841', '6b71c22a-2f81-4161-be2f-30d003eaca87', 
'2016-11-24', '90cc95d1-b1df-4ce7-8fb3-48d50a8f4385');

INSERT INTO `db_final`.`order` (`order_id`, `customer_id`, `order_date`, `employee_id`)
VALUES ('6d72fd16-79ab-4506-8241-9bf49d5ece29', 'fc2fb10a-f65f-45f8-bbdb-a2c1fb33abd2', 
'2013-12-24', '90cc95d1-b1df-4ce7-8fb3-48d50a8f4385');
/* -------------------------------------------Item Table--------------------------------------------------*/
INSERT INTO `db_final`.`item` (`item_id`, `order_id`, `quantity`, `book_id`) 
VALUES ('2f4a4e0d-a47a-4dc1-a905-554b4c399bc4', 'e8d546df-d823-41bc-8ec2-1f232d879c35', '1', '63534709-a711-44a9-8baa-6574a2e4304e');

INSERT INTO `db_final`.`item` (`item_id`, `order_id`, `quantity`, `book_id`) 
VALUES ('066fa2f7-8fd5-4126-9dac-64ed9f404724', 'e8d546df-d823-41bc-8ec2-1f232d879c35', '3', 'cf4e3491-cfcc-4dd0-bef1-1e7ff602e5c7');

INSERT INTO `db_final`.`item` (`item_id`, `order_id`, `quantity`, `book_id`) 
VALUES ('749ed8e1-f48b-4087-bd59-b80e293c6222', '87fd8c6c-cf0d-42b4-81c8-161ab7876438', '5', 'cf4e3491-cfcc-4dd0-bef1-1e7ff602e5c7');

INSERT INTO `db_final`.`item` (`item_id`, `order_id`, `quantity`, `book_id`) 
VALUES ('fd0d3ac4-09d3-47bf-87f0-9499bcfa8f95', 'cf3e880d-0486-44bb-be77-e6aa08c7432c','1', '24673edc-0bc5-4053-9e20-2cde57b714f8');

INSERT INTO `db_final`.`item` (`item_id`, `order_id`, `quantity`, `book_id`) 
VALUES ('3eb5b013-19a8-4b0b-9e29-5e47c829c0b0', 'a0f259db-3105-4030-8fa5-f87a826fd382','2', '19e4e472-0afc-4c49-8d28-8de5c77a1b4a');

INSERT INTO `db_final`.`item` (`item_id`, `order_id`, `quantity`, `book_id`) 
VALUES ('30f333b6-5db4-4d95-9004-f03e5dc268fe', '5071316b-0908-424d-a34a-af59e735d269','2', '5a349f14-9784-43b8-a719-526e4345bf37');

INSERT INTO `db_final`.`item` (`item_id`, `order_id`, `quantity`, `book_id`) 
VALUES ('ecdb4a6a-388b-4da9-bfbe-49bdccc526e9', '5071316b-0908-424d-a34a-af59e735d269','2', '5a349f14-9784-43b8-a719-526e4345bf37');

INSERT INTO `db_final`.`item` (`item_id`, `order_id`, `quantity`, `book_id`) 
VALUES ('ca2bb80c-da2c-49e3-8310-80792e3e72c0', 'e8b148fa-2999-46b5-b9c9-d248c5e22e9f','3', 'b64426c2-476b-43ca-b26a-78d18cfc82fe');

INSERT INTO `db_final`.`item` (`item_id`, `order_id`, `quantity`, `book_id`) 
VALUES ('6d8cfd95-e5d3-4640-ac05-34058031d683', 'c80a0087-04b3-4d42-a57a-fef834cc0d80','3', 'a3e327db-ab9f-4ece-9867-8fede26ff4d4');

INSERT INTO `db_final`.`item` (`item_id`, `order_id`, `quantity`, `book_id`) 
VALUES ('e19da069-d0d0-4954-b381-51ed47d0c377', '29850cf0-131a-4546-9520-5c7c3dc7f841','2', '9a6e2cab-5cb5-4f54-860a-fa101cf7a0ea');
